{
  "cpu": {
    "mean": 54.535807999999996,
    "median": 54.2218,
    "std": 2.436297831041188,
    "min": 50.0822,
    "max": 62.49,
    "p95": 58.929735,
    "p99": 60.41723700000001
  }
}
